"(11) 3731-5468","yoga em Acrelândia - AC",Academias
"(68) 99215-5111","yoga em Bujari - AC","Yoga Center - Acre"
"(68) 99983-8320","yoga em Cruzeiro do Sul - AC","Vibe Fitness Academia"
"(68) 99202-6639","yoga em Cruzeiro do Sul - AC","CN Crosspilates"
"(11) 97101-8088","yoga em Cruzeiro do Sul - AC","Tathata Yoga"
"(68) 99992-4988","yoga em Acrelândia - AC","Studio de Pilates em Acrelândia | Fisiocorpus"
"(11) 97327-0414","yoga em Cruzeiro do Sul - AC","Casa Prana || Aulas de Yoga || Guarujá"
"(69) 99329-3877","yoga em Acrelândia - AC","Espaço Vida saudável Herbalife Acrelândia (EVS DA SABRINA)"
"(34) 99134-6517","yoga em Cruzeiro do Sul - AC","éLeve Yoga e Bem estar"
"(68) 99215-5111","yoga em Acrelândia - AC","Yoga Center - Acre"
"(22) 2722-3418","yoga em Cruzeiro do Sul - AC","Academia De Yoga Damaru"
"(68) 3235-1332","yoga em Acrelândia - AC","Prefeitura de Acrelândia"
"(19) 99343-2162","yoga em Cruzeiro do Sul - AC","Awake Yoga Stúdio"
"(68) 99972-2526","yoga em Acrelândia - AC","Samaúma Yoga Shala"
98101-5848,"yoga em Acrelândia - AC",ACRESOUND
"(68) 99232-7569","yoga em Acrelândia - AC","Escola de Yôga Daniel Andrade"
"(64) 99220-1223","yoga em Catalão - GO","Gaia Yoga   "
"(64) 98111-5833","yoga em Catalão - GO","Maysa Carísio- Yoga & Bem Estar"
"(64) 99207-8563","yoga em Catalão - GO","Espaço Yoga Lara Stoppa"
"(64) 98155-4799","yoga em Catalão - GO","INOVE - PILATES E FISIOTERAPIA"
"(64) 99981-4105","yoga em Catalão - GO","Studio S - saúde, movimento e estética"
"(64) 3442-3709","yoga em Catalão - GO","Center Fitness Catalão"
"(64) 98155-4799","yoga em Catalão - GO","INOVE - PILATES E FISIOTERAPIA"
"(64) 99654-1953","yoga em Catalão - GO","️‍ ️Academia Bella Fit"
"(64) 99671-7005","yoga em Catalão - GO","Pilates Amanda Cotrim - Catalão-GO."
3442-6595,"yoga em Catalão - GO","Espaço do Ser"
"(64) 3442-3656","yoga em Catalão - GO","Corpo Slim Modeladores"
"(68) 99215-5111","yoga em Porto Acre - AC","Yoga Center - Acre"
"(68) 99972-2526","yoga em Porto Acre - AC","Samaúma Yoga Shala"
"(21) 99420-2508","yoga em Porto Acre - AC","Surya Yogaterapia"
"(51) 98214-2555","yoga em Porto Acre - AC","UMÅNA Casa Rio Branco - Yôga"
"(68) 99215-5111","yoga em Rio Branco - AC","Yoga Center - Acre"
"(68) 99972-2526","yoga em Rio Branco - AC","Samaúma Yoga Shala"
"(68) 99232-7569","yoga em Rio Branco - AC","Escola de Yôga Daniel Andrade"
"(68) 99216-2505","yoga em Rio Branco - AC","Corselê Cintas e Modeladores Yoga"
"(68) 99940-2916","yoga em Rio Branco - AC","Sara Castro Gravity e Pilates"
"(68) 99921-8981","yoga em Rio Branco - AC","Sat Nam Kundalini Yoga"
"(68) 99922-5403","yoga em Rio Branco - AC","Pilates e Fisioterapia - Patrícia Morais"
